[
  {
    "value": "Hi",
    "synonyms": [
      "Hi",
      "Hyy",
      "hy",
      "hellow",
      "hie",
      "hieeeeeeeeee",
      "hieee",
      "hieeee"
    ]
  },
  {
    "value": "hello",
    "synonyms": [
      "hello"
    ]
  },
  {
    "value": "Howdy",
    "synonyms": [
      "Howdy"
    ]
  },
  {
    "value": "hii",
    "synonyms": [
      "hii"
    ]
  },
  {
    "value": "hiii",
    "synonyms": [
      "hiii"
    ]
  },
  {
    "value": "heya",
    "synonyms": [
      "heya"
    ]
  },
  {
    "value": "heyyy",
    "synonyms": [
      "heyyy"
    ]
  },
  {
    "value": "hyy",
    "synonyms": [
      "hyy"
    ]
  }
]