[
  {
    "value": "Vishal",
    "synonyms": [
      "Vishal"
    ]
  },
  {
    "value": "Shlok",
    "synonyms": [
      "Shlok"
    ]
  },
  {
    "value": "Bhamini",
    "synonyms": [
      "Bhamini"
    ]
  },
  {
    "value": "Jhanvi",
    "synonyms": [
      "Jhanvi"
    ]
  },
  {
    "value": "Jaimin",
    "synonyms": [
      "Jaimin"
    ]
  },
  {
    "value": "Dhrumil",
    "synonyms": [
      "Dhrumil"
    ]
  },
  {
    "value": "Jay",
    "synonyms": [
      "Jay"
    ]
  },
  {
    "value": "Harshil",
    "synonyms": [
      "Harshil"
    ]
  },
  {
    "value": "Meet",
    "synonyms": [
      "Meet"
    ]
  },
  {
    "value": "Mit",
    "synonyms": [
      "Mit"
    ]
  },
  {
    "value": "Kaushal",
    "synonyms": [
      "Kaushal"
    ]
  },
  {
    "value": "Devang",
    "synonyms": [
      "Devang"
    ]
  },
  {
    "value": "@sys.given-name:given-name",
    "synonyms": [
      "@sys.given-name:given-name"
    ]
  },
  {
    "value": "Deep",
    "synonyms": [
      "Deep"
    ]
  },
  {
    "value": "Harsh",
    "synonyms": [
      "Harsh"
    ]
  },
  {
    "value": "Alpesh",
    "synonyms": [
      "Alpesh"
    ]
  },
  {
    "value": "Sandeep",
    "synonyms": [
      "Sandeep"
    ]
  },
  {
    "value": "Sandip",
    "synonyms": [
      "Sandip"
    ]
  },
  {
    "value": "Vidita",
    "synonyms": [
      "Vidita"
    ]
  },
  {
    "value": "Nital",
    "synonyms": [
      "Nital"
    ]
  },
  {
    "value": "Dipak",
    "synonyms": [
      "Dipak"
    ]
  },
  {
    "value": "Deepak",
    "synonyms": [
      "Deepak"
    ]
  },
  {
    "value": "Prashant",
    "synonyms": [
      "Prashant"
    ]
  },
  {
    "value": "Shrey",
    "synonyms": [
      "Shrey"
    ]
  },
  {
    "value": "Pushpit",
    "synonyms": [
      "Pushpit"
    ]
  },
  {
    "value": "Pushpam",
    "synonyms": [
      "Pushpam"
    ]
  },
  {
    "value": "Pranav",
    "synonyms": [
      "Pranav"
    ]
  },
  {
    "value": "Dhruv",
    "synonyms": [
      "Dhruv"
    ]
  },
  {
    "value": "Urja",
    "synonyms": [
      "Urja"
    ]
  },
  {
    "value": "Shivani",
    "synonyms": [
      "Shivani"
    ]
  },
  {
    "value": "Keyur",
    "synonyms": [
      "Keyur"
    ]
  },
  {
    "value": "Shainal",
    "synonyms": [
      "Shainal"
    ]
  },
  {
    "value": "Shaurya",
    "synonyms": [
      "Shaurya"
    ]
  },
  {
    "value": "Devanshi",
    "synonyms": [
      "Devanshi"
    ]
  },
  {
    "value": "Chintan",
    "synonyms": [
      "Chintan"
    ]
  },
  {
    "value": "Akash",
    "synonyms": [
      "Akash"
    ]
  },
  {
    "value": "Aakash",
    "synonyms": [
      "Aakash"
    ]
  },
  {
    "value": "Shubhang",
    "synonyms": [
      "Shubhang"
    ]
  },
  {
    "value": "Nilesh",
    "synonyms": [
      "Nilesh"
    ]
  },
  {
    "value": "Bhavesh",
    "synonyms": [
      "Bhavesh"
    ]
  },
  {
    "value": "Himanshu",
    "synonyms": [
      "Himanshu"
    ]
  },
  {
    "value": "Shail",
    "synonyms": [
      "Shail"
    ]
  },
  {
    "value": "Sneh",
    "synonyms": [
      "Sneh"
    ]
  },
  {
    "value": "Kartik",
    "synonyms": [
      "Kartik"
    ]
  },
  {
    "value": "Karthik",
    "synonyms": [
      "Karthik"
    ]
  },
  {
    "value": "Aryan",
    "synonyms": [
      "Aryan"
    ]
  },
  {
    "value": "Aaditya",
    "synonyms": [
      "Aaditya"
    ]
  },
  {
    "value": "Aditya",
    "synonyms": [
      "Aditya"
    ]
  },
  {
    "value": "Aadithya",
    "synonyms": [
      "Aadithya"
    ]
  },
  {
    "value": "Adithya",
    "synonyms": [
      "Adithya"
    ]
  },
  {
    "value": "Het",
    "synonyms": [
      "Het"
    ]
  },
  {
    "value": "Milan",
    "synonyms": [
      "Milan"
    ]
  },
  {
    "value": "Hrushik",
    "synonyms": [
      "Hrushik"
    ]
  },
  {
    "value": "Rushik",
    "synonyms": [
      "Rushik"
    ]
  },
  {
    "value": "Ruchik",
    "synonyms": [
      "Ruchik"
    ]
  },
  {
    "value": "Rushi",
    "synonyms": [
      "Rushi"
    ]
  },
  {
    "value": "Rishi",
    "synonyms": [
      "Rishi"
    ]
  },
  {
    "value": "Ravi",
    "synonyms": [
      "Ravi"
    ]
  },
  {
    "value": "Ankit",
    "synonyms": [
      "Ankit"
    ]
  },
  {
    "value": "Aniket",
    "synonyms": [
      "Aniket"
    ]
  },
  {
    "value": "Vishnu",
    "synonyms": [
      "Vishnu"
    ]
  },
  {
    "value": "Vashishtha",
    "synonyms": [
      "Vashishtha"
    ]
  },
  {
    "value": "Vashishta",
    "synonyms": [
      "Vashishta"
    ]
  },
  {
    "value": "Alka",
    "synonyms": [
      "Alka"
    ]
  },
  {
    "value": "Khodidas",
    "synonyms": [
      "Khodidas"
    ]
  },
  {
    "value": "Karsan",
    "synonyms": [
      "Karsan"
    ]
  },
  {
    "value": "A",
    "synonyms": [
      "A"
    ]
  },
  {
    "value": "B",
    "synonyms": [
      "B"
    ]
  },
  {
    "value": "C",
    "synonyms": [
      "C"
    ]
  },
  {
    "value": "D",
    "synonyms": [
      "D"
    ]
  },
  {
    "value": "E",
    "synonyms": [
      "E"
    ]
  },
  {
    "value": "F",
    "synonyms": [
      "F"
    ]
  },
  {
    "value": "G",
    "synonyms": [
      "G"
    ]
  },
  {
    "value": "H",
    "synonyms": [
      "H"
    ]
  },
  {
    "value": "I",
    "synonyms": [
      "I"
    ]
  },
  {
    "value": "J",
    "synonyms": [
      "J"
    ]
  },
  {
    "value": "K",
    "synonyms": [
      "K"
    ]
  },
  {
    "value": "L",
    "synonyms": [
      "L"
    ]
  },
  {
    "value": "M",
    "synonyms": [
      "M"
    ]
  },
  {
    "value": "N",
    "synonyms": [
      "N"
    ]
  },
  {
    "value": "O",
    "synonyms": [
      "O"
    ]
  },
  {
    "value": "P",
    "synonyms": [
      "P"
    ]
  },
  {
    "value": "Q",
    "synonyms": [
      "Q"
    ]
  },
  {
    "value": "R",
    "synonyms": [
      "R"
    ]
  },
  {
    "value": "S",
    "synonyms": [
      "S"
    ]
  },
  {
    "value": "T",
    "synonyms": [
      "T"
    ]
  },
  {
    "value": "U",
    "synonyms": [
      "U"
    ]
  },
  {
    "value": "V",
    "synonyms": [
      "V"
    ]
  },
  {
    "value": "W",
    "synonyms": [
      "W"
    ]
  },
  {
    "value": "X",
    "synonyms": [
      "X"
    ]
  },
  {
    "value": "Y",
    "synonyms": [
      "Y"
    ]
  },
  {
    "value": "Z",
    "synonyms": [
      "Z"
    ]
  },
  {
    "value": "xyz",
    "synonyms": [
      "xyz"
    ]
  },
  {
    "value": "abc",
    "synonyms": [
      "abc"
    ]
  },
  {
    "value": "abcd",
    "synonyms": [
      "abcd"
    ]
  },
  {
    "value": "abcdefg",
    "synonyms": [
      "abcdefg"
    ]
  },
  {
    "value": "qwerty",
    "synonyms": [
      "qwerty"
    ]
  },
  {
    "value": "Jasmin",
    "synonyms": [
      "Jasmin"
    ]
  },
  {
    "value": "Jaspreet",
    "synonyms": [
      "Jaspreet"
    ]
  },
  {
    "value": "Jaymin",
    "synonyms": [
      "Jaymin"
    ]
  },
  {
    "value": "Aniruddh",
    "synonyms": [
      "Aniruddh"
    ]
  },
  {
    "value": "Anish",
    "synonyms": [
      "Anish"
    ]
  },
  {
    "value": "Avinash",
    "synonyms": [
      "Avinash"
    ]
  },
  {
    "value": "Minoli",
    "synonyms": [
      "Minoli"
    ]
  },
  {
    "value": "Miloni",
    "synonyms": [
      "Miloni"
    ]
  },
  {
    "value": "Smit",
    "synonyms": [
      "Smit"
    ]
  },
  {
    "value": "Soham",
    "synonyms": [
      "Soham"
    ]
  },
  {
    "value": "Vismay",
    "synonyms": [
      "Vismay"
    ]
  },
  {
    "value": "Sakshi",
    "synonyms": [
      "Sakshi"
    ]
  },
  {
    "value": "Shakshi",
    "synonyms": [
      "Shakshi"
    ]
  },
  {
    "value": "Daxini",
    "synonyms": [
      "Daxini"
    ]
  },
  {
    "value": "Daxa",
    "synonyms": [
      "Daxa"
    ]
  },
  {
    "value": "Deven",
    "synonyms": [
      "Deven"
    ]
  },
  {
    "value": "Devendra",
    "synonyms": [
      "Devendra"
    ]
  },
  {
    "value": "Yatindra",
    "synonyms": [
      "Yatindra"
    ]
  },
  {
    "value": "Rajendra",
    "synonyms": [
      "Rajendra"
    ]
  },
  {
    "value": "Rajinder",
    "synonyms": [
      "Rajinder"
    ]
  },
  {
    "value": "Rajender",
    "synonyms": [
      "Rajender"
    ]
  },
  {
    "value": "Rajindra",
    "synonyms": [
      "Rajindra"
    ]
  },
  {
    "value": "Apindra",
    "synonyms": [
      "Apindra"
    ]
  },
  {
    "value": "Bhargav",
    "synonyms": [
      "Bhargav"
    ]
  },
  {
    "value": "Neep",
    "synonyms": [
      "Neep"
    ]
  },
  {
    "value": "Shrikant",
    "synonyms": [
      "Shrikant"
    ]
  },
  {
    "value": "Kalpesh",
    "synonyms": [
      "Kalpesh"
    ]
  }
]