[
  {
    "id": "5320d4d4-44a2-446c-9b5a-ab68b55a3a26",
    "data": [
      {
        "text": "Tell me about ",
        "userDefined": false
      },
      {
        "text": "yourself",
        "meta": "@sys.ignore",
        "userDefined": true
      }
    ],
    "isTemplate": false,
    "count": 0,
    "updated": 0
  },
  {
    "id": "f2e8f16b-fe75-4b72-85a9-fc398b139ab1",
    "data": [
      {
        "text": "What\u0027s ",
        "userDefined": false
      },
      {
        "text": "your",
        "alias": "Your",
        "meta": "@Your",
        "userDefined": true
      },
      {
        "text": " name?",
        "userDefined": false
      }
    ],
    "isTemplate": false,
    "count": 0,
    "updated": 0
  },
  {
    "id": "5f3738c4-4772-4cfa-8b17-5c3481fb19ae",
    "data": [
      {
        "text": "Who are ",
        "userDefined": false
      },
      {
        "text": "you",
        "alias": "You",
        "meta": "@You",
        "userDefined": true
      },
      {
        "text": "?",
        "userDefined": false
      }
    ],
    "isTemplate": false,
    "count": 0,
    "updated": 0
  }
]