[
  {
    "id": "f926298d-9c0d-4e9f-b397-24f6199cb0e4",
    "data": [
      {
        "text": "Side effects",
        "alias": "Sideeffects",
        "meta": "@Sideeffects",
        "userDefined": true
      },
      {
        "text": " of ",
        "userDefined": false
      },
      {
        "text": "Norflox",
        "alias": "Norfloxacin",
        "meta": "@Norfloxacin",
        "userDefined": true
      }
    ],
    "isTemplate": false,
    "count": 0,
    "updated": 0
  },
  {
    "id": "b05e5510-fbd5-47a3-8c83-91646243387c",
    "data": [
      {
        "text": "Caution",
        "alias": "Caution",
        "meta": "@Caution",
        "userDefined": false
      },
      {
        "text": " of ",
        "userDefined": false
      },
      {
        "text": "Norflox",
        "alias": "Norfloxacin",
        "meta": "@Norfloxacin",
        "userDefined": false
      }
    ],
    "isTemplate": false,
    "count": 0,
    "updated": 0
  },
  {
    "id": "385d2c32-6272-4a1b-a21c-1666d7066995",
    "data": [
      {
        "text": "Norflox",
        "alias": "Norfloxacin",
        "meta": "@Norfloxacin",
        "userDefined": false
      }
    ],
    "isTemplate": false,
    "count": 0,
    "updated": 0
  }
]