[
  {
    "id": "73126359-a6ed-433b-9214-cfcfeafb3f83",
    "data": [
      {
        "text": "Metmol",
        "alias": "Metmol",
        "meta": "@Metmol",
        "userDefined": false
      }
    ],
    "isTemplate": false,
    "count": 0,
    "updated": 0
  },
  {
    "id": "0e2c9fea-4a2e-4d05-8e26-1b4021816816",
    "data": [
      {
        "text": "Metmol 650",
        "alias": "Metmol",
        "meta": "@Metmol",
        "userDefined": false
      }
    ],
    "isTemplate": false,
    "count": 0,
    "updated": 0
  }
]