[
  {
    "id": "ce79b7ba-ba3d-44da-9b15-c771e1a13ee2",
    "data": [
      {
        "text": "where should I ",
        "userDefined": false
      },
      {
        "text": "complain",
        "alias": "complain",
        "meta": "@complain",
        "userDefined": true
      }
    ],
    "isTemplate": false,
    "count": 0,
    "updated": 0
  },
  {
    "id": "61192bdd-95fb-40db-a3df-75a6d43ea533",
    "data": [
      {
        "text": "I want to ",
        "userDefined": false
      },
      {
        "text": "complain",
        "alias": "complain",
        "meta": "@complain",
        "userDefined": true
      }
    ],
    "isTemplate": false,
    "count": 0,
    "updated": 0
  }
]