[
  {
    "id": "cad5ed4d-896e-4769-bf52-1e27eafaa148",
    "data": [
      {
        "text": "Thanks",
        "userDefined": false
      }
    ],
    "isTemplate": false,
    "count": 0,
    "updated": 0
  },
  {
    "id": "079697c1-5130-4596-ae2c-97f02b515e77",
    "data": [
      {
        "text": "Awesome",
        "userDefined": false
      }
    ],
    "isTemplate": false,
    "count": 0,
    "updated": 0
  },
  {
    "id": "6058ddc2-1618-40a1-89f0-b64576f7790f",
    "data": [
      {
        "text": "Nice",
        "userDefined": false
      }
    ],
    "isTemplate": false,
    "count": 0,
    "updated": 0
  },
  {
    "id": "2eb2db9a-4ac6-41e4-b032-f4a4b639b405",
    "data": [
      {
        "text": "Great",
        "userDefined": false
      }
    ],
    "isTemplate": false,
    "count": 0,
    "updated": 0
  }
]