[
  {
    "id": "61d8988f-a3b3-48dc-85cd-fd687f2fd6b2",
    "data": [
      {
        "text": "What is ",
        "userDefined": false
      },
      {
        "text": "Cyclotab",
        "alias": "Cyclotab",
        "meta": "@Cyclotab",
        "userDefined": false
      }
    ],
    "isTemplate": false,
    "count": 0,
    "updated": 0
  },
  {
    "id": "4657b716-2c74-4fee-a29a-53bd9c9ff038",
    "data": [
      {
        "text": "Cyclotab Tablet",
        "alias": "Cyclotab",
        "meta": "@Cyclotab",
        "userDefined": true
      }
    ],
    "isTemplate": false,
    "count": 0,
    "updated": 0
  }
]