[
  {
    "id": "37f9c772-1226-4a4e-8400-3402947d8b8e",
    "data": [
      {
        "text": "Caution",
        "alias": "Caution",
        "meta": "@Caution",
        "userDefined": true
      },
      {
        "text": " during ",
        "userDefined": false
      },
      {
        "text": "Cyclotab",
        "alias": "Cyclotab",
        "meta": "@Cyclotab",
        "userDefined": false
      }
    ],
    "isTemplate": false,
    "count": 0,
    "updated": 0
  },
  {
    "id": "d871cd67-630c-4d62-8a2e-59b913bfc442",
    "data": [
      {
        "text": "Caution",
        "alias": "Caution",
        "meta": "@Caution",
        "userDefined": true
      },
      {
        "text": " while taking ",
        "userDefined": false
      },
      {
        "text": "Cyclotab",
        "alias": "Cyclotab",
        "meta": "@Cyclotab",
        "userDefined": false
      }
    ],
    "isTemplate": false,
    "count": 0,
    "updated": 0
  },
  {
    "id": "8606fde6-c530-4bea-a7b8-7f624d9078cc",
    "data": [
      {
        "text": "side effects",
        "alias": "Sideeffects",
        "meta": "@Sideeffects",
        "userDefined": true
      },
      {
        "text": " of ",
        "userDefined": false
      },
      {
        "text": "cyclotab",
        "alias": "Cyclotab",
        "meta": "@Cyclotab",
        "userDefined": false
      }
    ],
    "isTemplate": false,
    "count": 0,
    "updated": 0
  },
  {
    "id": "c37cd684-3fc1-49a2-8dbc-28f93b0938d6",
    "data": [
      {
        "text": "care",
        "alias": "Care",
        "meta": "@Care",
        "userDefined": true
      },
      {
        "text": " during ",
        "userDefined": false
      },
      {
        "text": "Cyclotab",
        "alias": "Cyclotab",
        "meta": "@Cyclotab",
        "userDefined": false
      }
    ],
    "isTemplate": false,
    "count": 0,
    "updated": 0
  },
  {
    "id": "87836aae-b74d-425c-8fdd-27cd799c8db8",
    "data": [
      {
        "text": "Care",
        "alias": "Care",
        "meta": "@Care",
        "userDefined": true
      },
      {
        "text": " while taking ",
        "userDefined": false
      },
      {
        "text": "Cyclotab",
        "alias": "Cyclotab",
        "meta": "@Cyclotab",
        "userDefined": false
      }
    ],
    "isTemplate": false,
    "count": 0,
    "updated": 0
  }
]