[
  {
    "id": "b6929dac-28fa-4910-afaa-acd2286f81c6",
    "data": [
      {
        "text": "what is tablet cyclopam",
        "userDefined": false
      }
    ],
    "isTemplate": false,
    "count": 0,
    "updated": 0
  },
  {
    "id": "5eff550a-14f7-4960-bdde-8607834a9d30",
    "data": [
      {
        "text": "what is tab cyclopam",
        "userDefined": false
      }
    ],
    "isTemplate": false,
    "count": 0,
    "updated": 0
  },
  {
    "id": "d32923cf-e62a-4f80-83d9-466b009a41ee",
    "data": [
      {
        "text": "tell me about tablet cyclopam",
        "userDefined": false
      }
    ],
    "isTemplate": false,
    "count": 0,
    "updated": 0
  },
  {
    "id": "e78e64e6-cda9-4c25-926f-f1888457cb15",
    "data": [
      {
        "text": "tell me about tab cyclopam",
        "userDefined": false
      }
    ],
    "isTemplate": false,
    "count": 0,
    "updated": 0
  },
  {
    "id": "d26a5fac-fe58-44ea-bf0d-d1a8b9ab72aa",
    "data": [
      {
        "text": "Tablet Cyclopam",
        "userDefined": false
      }
    ],
    "isTemplate": false,
    "count": 0,
    "updated": 0
  },
  {
    "id": "d61fae0a-978e-45cd-964a-8416da115ced",
    "data": [
      {
        "text": "cyclopam",
        "userDefined": false
      }
    ],
    "isTemplate": false,
    "count": 1,
    "updated": 0
  },
  {
    "id": "d857ac62-f9ab-4531-ab1e-81cfa128d856",
    "data": [
      {
        "text": "Tab cyclopam",
        "userDefined": false
      }
    ],
    "isTemplate": false,
    "count": 1,
    "updated": 0
  }
]