[
  {
    "id": "5f2639e3-b264-4926-8c82-de73119244cc",
    "data": [
      {
        "text": "When will I get my parcel",
        "alias": "Delivery_time",
        "meta": "@Delivery_time",
        "userDefined": true
      },
      {
        "text": " which I ",
        "userDefined": false
      },
      {
        "text": "ordered",
        "meta": "@sys.ignore",
        "userDefined": true
      },
      {
        "text": "?",
        "userDefined": false
      }
    ],
    "isTemplate": false,
    "count": 0,
    "updated": 0
  },
  {
    "id": "14ec7678-3b92-4ef6-a1f0-444770975cd3",
    "data": [
      {
        "text": "Delivery time",
        "alias": "Delivery_time",
        "meta": "@Delivery_time",
        "userDefined": true
      }
    ],
    "isTemplate": false,
    "count": 0,
    "updated": 0
  },
  {
    "id": "36165673-065f-4152-ad91-d6c12fdb7691",
    "data": [
      {
        "text": "How much ",
        "userDefined": false
      },
      {
        "text": "time does the drone take to deliver my package",
        "alias": "Delivery_time",
        "meta": "@Delivery_time",
        "userDefined": true
      },
      {
        "text": "?",
        "userDefined": false
      }
    ],
    "isTemplate": false,
    "count": 0,
    "updated": 0
  },
  {
    "id": "6d858349-8498-45c6-a6be-6f069f66c756",
    "data": [
      {
        "text": "How much ",
        "userDefined": false
      },
      {
        "text": "time will the drone take to delivery my package",
        "alias": "Delivery_time",
        "meta": "@Delivery_time",
        "userDefined": true
      },
      {
        "text": "?",
        "userDefined": false
      }
    ],
    "isTemplate": false,
    "count": 0,
    "updated": 0
  }
]