[
  {
    "id": "cf61b779-cbba-4e88-99d5-5c9be97d1e87",
    "data": [
      {
        "text": "what is digene",
        "userDefined": false
      }
    ],
    "isTemplate": false,
    "count": 0,
    "updated": 0
  },
  {
    "id": "1ae14fb6-40b6-494d-847c-f2bc2fc55ae1",
    "data": [
      {
        "text": "what is liduid digene",
        "userDefined": false
      }
    ],
    "isTemplate": false,
    "count": 0,
    "updated": 0
  },
  {
    "id": "1f103ff5-95aa-44c7-8b89-f1f473ebd119",
    "data": [
      {
        "text": "what is Liq digene",
        "userDefined": false
      }
    ],
    "isTemplate": false,
    "count": 0,
    "updated": 0
  },
  {
    "id": "ce6e1914-7b0c-476f-88b5-9b0fa47300b2",
    "data": [
      {
        "text": "Digene",
        "userDefined": false
      }
    ],
    "isTemplate": false,
    "count": 0,
    "updated": 0
  },
  {
    "id": "83395998-a83b-4681-ac2c-85016dc0d48c",
    "data": [
      {
        "text": "Tell me about liquid digene",
        "userDefined": false
      }
    ],
    "isTemplate": false,
    "count": 0,
    "updated": 0
  },
  {
    "id": "a735fd57-8608-4e80-874a-d96dbd9dea31",
    "data": [
      {
        "text": "Liquid Digene",
        "userDefined": false
      }
    ],
    "isTemplate": false,
    "count": 0,
    "updated": 0
  }
]