[
  {
    "id": "b76a02f4-ae27-4a3e-8d8c-dea2f3e4be33",
    "data": [
      {
        "text": "What care should be taken while taking ",
        "userDefined": false
      },
      {
        "text": "Dolo",
        "alias": "DOLO",
        "meta": "@DOLO",
        "userDefined": true
      },
      {
        "text": " ",
        "userDefined": false
      },
      {
        "text": "650",
        "alias": "number",
        "meta": "@sys.number",
        "userDefined": false
      }
    ],
    "isTemplate": false,
    "count": 0,
    "updated": 0
  }
]