[
  {
    "id": "8c852e9c-335a-4a40-9c08-338909936269",
    "data": [
      {
        "text": "dolo-650",
        "alias": "Dolo650",
        "meta": "@Dolo650",
        "userDefined": true
      }
    ],
    "isTemplate": false,
    "count": 0,
    "updated": 0
  },
  {
    "id": "27c0c4aa-2fdd-4c0d-886c-dbd9aa1d7b48",
    "data": [
      {
        "text": "dolo",
        "alias": "Dolo650",
        "meta": "@Dolo650",
        "userDefined": false
      }
    ],
    "isTemplate": false,
    "count": 0,
    "updated": 0
  },
  {
    "id": "bf4c9848-3767-4845-bc20-686943d73d9c",
    "data": [
      {
        "text": "Tell me about ",
        "userDefined": false
      },
      {
        "text": "Dolo 650",
        "alias": "Dolo650",
        "meta": "@Dolo650",
        "userDefined": true
      }
    ],
    "isTemplate": false,
    "count": 0,
    "updated": 0
  },
  {
    "id": "cd40cc4a-7a9c-4d21-a4f9-f75effa96c33",
    "data": [
      {
        "text": "Dolo ",
        "userDefined": false
      },
      {
        "text": "650",
        "alias": "number",
        "meta": "@sys.number",
        "userDefined": false
      }
    ],
    "isTemplate": false,
    "count": 0,
    "updated": 0
  },
  {
    "id": "8eaca865-acc4-42cf-a4f4-4c9586ceeaa8",
    "data": [
      {
        "text": "What is ",
        "userDefined": false
      },
      {
        "text": "Dolo",
        "alias": "Dolo650",
        "meta": "@Dolo650",
        "userDefined": true
      }
    ],
    "isTemplate": false,
    "count": 0,
    "updated": 0
  }
]