[
  {
    "id": "49c05f90-e8fc-4c5c-953c-8fed5aba3dd9",
    "data": [
      {
        "text": "Precautions",
        "alias": "Caution",
        "meta": "@Caution",
        "userDefined": true
      },
      {
        "text": " of ",
        "userDefined": false
      },
      {
        "text": "Domstal",
        "alias": "DOMSTAL",
        "meta": "@DOMSTAL",
        "userDefined": false
      }
    ],
    "isTemplate": false,
    "count": 0,
    "updated": 0
  },
  {
    "id": "cd106f05-af65-4cbb-b7f6-b9f090db99a3",
    "data": [
      {
        "text": "Side effects",
        "alias": "Sideeffects",
        "meta": "@Sideeffects",
        "userDefined": false
      },
      {
        "text": " and ",
        "userDefined": false
      },
      {
        "text": "Precautions",
        "alias": "Caution",
        "meta": "@Caution",
        "userDefined": true
      }
    ],
    "isTemplate": false,
    "count": 0,
    "updated": 0
  },
  {
    "id": "ce2c527c-d3cc-4801-9446-9c13717ca357",
    "data": [
      {
        "text": "Side effects",
        "alias": "Sideeffects",
        "meta": "@Sideeffects",
        "userDefined": false
      },
      {
        "text": " of ",
        "userDefined": false
      },
      {
        "text": "DOMSTAL",
        "alias": "DOMSTAL",
        "meta": "@DOMSTAL",
        "userDefined": false
      }
    ],
    "isTemplate": false,
    "count": 0,
    "updated": 0
  },
  {
    "id": "a9eb73e4-f766-464e-a1e5-7014c55ac22e",
    "data": [
      {
        "text": "Sideeffects",
        "userDefined": false
      }
    ],
    "isTemplate": false,
    "count": 0,
    "updated": 0
  },
  {
    "id": "c5cf8d5b-4b56-4c8c-9662-d254ccdfcbb7",
    "data": [
      {
        "text": "Side effects",
        "alias": "Sideeffects",
        "meta": "@Sideeffects",
        "userDefined": true
      }
    ],
    "isTemplate": false,
    "count": 0,
    "updated": 0
  }
]