[
  {
    "id": "a91c6df7-2e15-4157-ac5f-aec0e2007f2e",
    "data": [
      {
        "text": "care",
        "alias": "Care",
        "meta": "@Care",
        "userDefined": false
      },
      {
        "text": " while taking ",
        "userDefined": false
      },
      {
        "text": "frocin 500",
        "alias": "Frocin",
        "meta": "@Frocin",
        "userDefined": false
      }
    ],
    "isTemplate": false,
    "count": 0,
    "updated": 0
  },
  {
    "id": "cc51753b-00e6-4f8e-9116-d541beee2f02",
    "data": [
      {
        "text": "side effects",
        "alias": "Sideeffects",
        "meta": "@Sideeffects",
        "userDefined": true
      },
      {
        "text": " of ",
        "userDefined": false
      },
      {
        "text": "frocin 500",
        "alias": "Frocin",
        "meta": "@Frocin",
        "userDefined": false
      }
    ],
    "isTemplate": false,
    "count": 0,
    "updated": 0
  },
  {
    "id": "c1d7e532-10ff-46ea-9316-98e1ced6ac69",
    "data": [
      {
        "text": "caution",
        "alias": "Caution",
        "meta": "@Caution",
        "userDefined": true
      },
      {
        "text": " of ",
        "userDefined": false
      },
      {
        "text": "frocin 500",
        "alias": "Frocin",
        "meta": "@Frocin",
        "userDefined": false
      }
    ],
    "isTemplate": false,
    "count": 0,
    "updated": 0
  },
  {
    "id": "a5409b27-2a0c-45a8-a385-3cd4dfb6834a",
    "data": [
      {
        "text": "caution",
        "alias": "Caution",
        "meta": "@Caution",
        "userDefined": true
      },
      {
        "text": " while taking ",
        "userDefined": false
      },
      {
        "text": "frocin 500",
        "alias": "Frocin",
        "meta": "@Frocin",
        "userDefined": false
      }
    ],
    "isTemplate": false,
    "count": 0,
    "updated": 0
  }
]