[
  {
    "id": "21b33ed9-6a5a-40d0-936d-5c11d2f738ab",
    "data": [
      {
        "text": "Headache",
        "alias": "Headache",
        "meta": "@Headache",
        "userDefined": false
      },
      {
        "text": " but not ",
        "userDefined": false
      },
      {
        "text": "fever",
        "alias": "Fever",
        "meta": "@Fever",
        "userDefined": false
      }
    ],
    "isTemplate": false,
    "count": 0,
    "updated": 0
  },
  {
    "id": "e48de84e-0774-4089-96a9-9eec044fc529",
    "data": [
      {
        "text": "Headache",
        "alias": "Headache",
        "meta": "@Headache",
        "userDefined": false
      },
      {
        "text": " Without ",
        "userDefined": false
      },
      {
        "text": "Fever",
        "alias": "Fever",
        "meta": "@Fever",
        "userDefined": false
      }
    ],
    "isTemplate": false,
    "count": 0,
    "updated": 0
  }
]