[
  {
    "id": "ae792061-7b76-4b32-8ddd-80c80136ce5b",
    "data": [
      {
        "text": "Fever",
        "alias": "Fever",
        "meta": "@Fever",
        "userDefined": false
      },
      {
        "text": " with head ",
        "userDefined": false
      },
      {
        "text": "ache",
        "alias": "Pain",
        "meta": "@Pain",
        "userDefined": false
      }
    ],
    "isTemplate": false,
    "count": 0,
    "updated": 0
  },
  {
    "id": "7fc1465e-3a06-4987-8a61-c9916e9569f0",
    "data": [
      {
        "text": "Headache",
        "alias": "Headache",
        "meta": "@Headache",
        "userDefined": false
      },
      {
        "text": " with ",
        "userDefined": false
      },
      {
        "text": "Fever",
        "alias": "Fever",
        "meta": "@Fever",
        "userDefined": false
      }
    ],
    "isTemplate": false,
    "count": 0,
    "updated": 0
  }
]