[
  {
    "id": "d57fb718-bffb-4efd-8bbc-82b0ae8fb48a",
    "data": [
      {
        "text": "hi",
        "alias": "hi",
        "meta": "@hi",
        "userDefined": false
      },
      {
        "text": " I am ",
        "userDefined": false
      },
      {
        "text": "Smit",
        "alias": "NameList",
        "meta": "@NameList",
        "userDefined": false
      }
    ],
    "isTemplate": false,
    "count": 0,
    "updated": 0
  },
  {
    "id": "3421d055-fb44-41a4-8954-ae2f3bb32620",
    "data": [
      {
        "text": "hi",
        "alias": "hi",
        "meta": "@hi",
        "userDefined": false
      },
      {
        "text": " I am ",
        "userDefined": false
      },
      {
        "text": "Soham",
        "alias": "NameList",
        "meta": "@NameList",
        "userDefined": false
      }
    ],
    "isTemplate": false,
    "count": 0,
    "updated": 0
  },
  {
    "id": "729fa162-4bab-4fd9-ba98-c2e67512f75a",
    "data": [
      {
        "text": "I am ",
        "userDefined": false
      },
      {
        "text": "Soham",
        "alias": "NameList",
        "meta": "@NameList",
        "userDefined": false
      }
    ],
    "isTemplate": false,
    "count": 0,
    "updated": 0
  },
  {
    "id": "185a4ca0-3fb0-4627-abac-a308ab79cc1c",
    "data": [
      {
        "text": "I am ",
        "userDefined": false
      },
      {
        "text": "Smit",
        "alias": "NameList",
        "meta": "@NameList",
        "userDefined": false
      }
    ],
    "isTemplate": false,
    "count": 0,
    "updated": 0
  },
  {
    "id": "c56ab60c-826b-4afe-9c3a-d0f04b83bb7e",
    "data": [
      {
        "text": "I am ",
        "userDefined": false
      },
      {
        "text": "Jhanvi",
        "alias": "NameList",
        "meta": "@NameList",
        "userDefined": false
      }
    ],
    "isTemplate": false,
    "count": 0,
    "updated": 0
  },
  {
    "id": "324678a9-5ecd-4203-b461-00b594cad985",
    "data": [
      {
        "text": "My name is ",
        "userDefined": false
      },
      {
        "text": "Shlok",
        "alias": "NameList",
        "meta": "@NameList",
        "userDefined": false
      }
    ],
    "isTemplate": false,
    "count": 0,
    "updated": 0
  },
  {
    "id": "a6218d10-c005-45fb-9b1f-d373f081b7d3",
    "data": [
      {
        "text": "Hi",
        "alias": "hi",
        "meta": "@hi",
        "userDefined": false
      },
      {
        "text": " my name is ",
        "userDefined": false
      },
      {
        "text": "Vishal",
        "alias": "NameList",
        "meta": "@NameList",
        "userDefined": false
      }
    ],
    "isTemplate": false,
    "count": 0,
    "updated": 0
  }
]