[
  {
    "id": "d98a5de8-978d-40f0-b790-e4c376f51645",
    "data": [
      {
        "text": "cold",
        "alias": "Cold",
        "meta": "@Cold",
        "userDefined": true
      },
      {
        "text": " cure",
        "userDefined": false
      }
    ],
    "isTemplate": false,
    "count": 0,
    "updated": 0
  },
  {
    "id": "0f6ee261-093d-448f-abfd-e7f17f0c7447",
    "data": [
      {
        "text": "I am suffering from ",
        "userDefined": false
      },
      {
        "text": "cold",
        "alias": "Cold",
        "meta": "@Cold",
        "userDefined": true
      },
      {
        "text": " suggest me some medicines",
        "userDefined": false
      }
    ],
    "isTemplate": false,
    "count": 0,
    "updated": 0
  }
]