[
  {
    "id": "5756b3a8-f0ec-4260-9816-502d185a8cac",
    "data": [
      {
        "text": "details of ",
        "userDefined": false
      },
      {
        "text": "Lamocold",
        "alias": "Lamocold",
        "meta": "@Lamocold",
        "userDefined": false
      }
    ],
    "isTemplate": false,
    "count": 0,
    "updated": 0
  },
  {
    "id": "592e6ed4-ed53-47b6-9190-fe37a63f8aff",
    "data": [
      {
        "text": "Tell me about ",
        "userDefined": false
      },
      {
        "text": "Lamocold",
        "alias": "Lamocold",
        "meta": "@Lamocold",
        "userDefined": false
      }
    ],
    "isTemplate": false,
    "count": 0,
    "updated": 0
  },
  {
    "id": "fbaebc7e-e450-4f35-b260-b17bacd64982",
    "data": [
      {
        "text": "What is ",
        "userDefined": false
      },
      {
        "text": "Lamocold",
        "alias": "Lamocold",
        "meta": "@Lamocold",
        "userDefined": true
      },
      {
        "text": "?",
        "userDefined": false
      }
    ],
    "isTemplate": false,
    "count": 0,
    "updated": 0
  }
]