[
  {
    "id": "1b6638fe-1d5c-4a85-9545-fc3148bc11b8",
    "data": [
      {
        "text": "Care",
        "alias": "Care",
        "meta": "@Care",
        "userDefined": false
      },
      {
        "text": " while taking ",
        "userDefined": false
      },
      {
        "text": "Lamocold",
        "alias": "Lamocold",
        "meta": "@Lamocold",
        "userDefined": false
      }
    ],
    "isTemplate": false,
    "count": 0,
    "updated": 0
  },
  {
    "id": "d12b1510-a14b-48d6-9c90-0c7809ca88c7",
    "data": [
      {
        "text": "Side Effects",
        "alias": "Sideeffects",
        "meta": "@Sideeffects",
        "userDefined": false
      },
      {
        "text": " of ",
        "userDefined": false
      },
      {
        "text": "Lamocold",
        "alias": "Lamocold",
        "meta": "@Lamocold",
        "userDefined": false
      }
    ],
    "isTemplate": false,
    "count": 0,
    "updated": 0
  },
  {
    "id": "10e2f1d1-52ea-4937-a576-3a94279ad9cf",
    "data": [
      {
        "text": "Caution",
        "alias": "Caution",
        "meta": "@Caution",
        "userDefined": false
      },
      {
        "text": " of ",
        "userDefined": false
      },
      {
        "text": "lamocold",
        "alias": "Lamocold",
        "meta": "@Lamocold",
        "userDefined": false
      }
    ],
    "isTemplate": false,
    "count": 0,
    "updated": 0
  }
]