[
  {
    "id": "7d240bd3-9205-4cab-998b-9096950a3313",
    "data": [
      {
        "text": "I tried Logging in with my correct Login Details but still I am unable to Login",
        "userDefined": false
      }
    ],
    "isTemplate": false,
    "count": 0,
    "updated": 0
  },
  {
    "id": "0be44bf6-efb7-4c62-ac11-01b3e1cae0ff",
    "data": [
      {
        "text": "I tried Logging in with my correct credentials but still I am unable to Login",
        "userDefined": false
      }
    ],
    "isTemplate": false,
    "count": 0,
    "updated": 0
  }
]