[
  {
    "id": "087787de-177f-4de2-8086-18f51309ee34",
    "data": [
      {
        "text": "invalid Login",
        "userDefined": false
      }
    ],
    "isTemplate": false,
    "count": 0,
    "updated": 0
  },
  {
    "id": "5489163b-5d6f-4a36-aaba-062ff796e898",
    "data": [
      {
        "text": "I cannot Login",
        "userDefined": false
      }
    ],
    "isTemplate": false,
    "count": 0,
    "updated": 0
  },
  {
    "id": "54ccac13-b6d7-4094-8774-c7a3a443fbd9",
    "data": [
      {
        "text": "I am unable to Login",
        "userDefined": false
      }
    ],
    "isTemplate": false,
    "count": 0,
    "updated": 0
  }
]