[
  {
    "id": "59f16145-2212-41c6-9674-8efc356465d5",
    "data": [
      {
        "text": "I want to ",
        "userDefined": false
      },
      {
        "text": "order",
        "alias": "Order",
        "meta": "@Order",
        "userDefined": false
      },
      {
        "text": " available medicines",
        "userDefined": false
      }
    ],
    "isTemplate": false,
    "count": 0,
    "updated": 0
  },
  {
    "id": "12a95969-ccb7-43cd-a152-db74aeb033d2",
    "data": [
      {
        "text": "I want to ",
        "userDefined": false
      },
      {
        "text": "order",
        "alias": "Order",
        "meta": "@Order",
        "userDefined": false
      },
      {
        "text": " some medicines",
        "userDefined": false
      }
    ],
    "isTemplate": false,
    "count": 0,
    "updated": 0
  },
  {
    "id": "dc8e1cef-e5e5-4942-a768-737fb8c58d5b",
    "data": [
      {
        "text": "I want to ",
        "userDefined": false
      },
      {
        "text": "order",
        "alias": "Order",
        "meta": "@Order",
        "userDefined": false
      },
      {
        "text": " medicines",
        "userDefined": false
      }
    ],
    "isTemplate": false,
    "count": 0,
    "updated": 0
  },
  {
    "id": "63a3581d-e2b1-4cde-bb05-562a295f4f28",
    "data": [
      {
        "text": "I want to ",
        "userDefined": false
      },
      {
        "text": "order",
        "alias": "Order",
        "meta": "@Order",
        "userDefined": false
      }
    ],
    "isTemplate": false,
    "count": 0,
    "updated": 0
  },
  {
    "id": "a7cc3f72-7063-4469-a113-50ccc515bf3c",
    "data": [
      {
        "text": "i want to ",
        "userDefined": false
      },
      {
        "text": "order",
        "alias": "Order",
        "meta": "@Order",
        "userDefined": false
      },
      {
        "text": " some prescription",
        "userDefined": false
      }
    ],
    "isTemplate": false,
    "count": 0,
    "updated": 0
  }
]