[
  {
    "id": "d86c9445-9574-4d56-9bc3-6a3f80fd0c10",
    "data": [
      {
        "text": "what is ",
        "userDefined": false
      },
      {
        "text": "nasal decongestant",
        "alias": "NasalDecongestant",
        "meta": "@NasalDecongestant",
        "userDefined": false
      }
    ],
    "isTemplate": false,
    "count": 0,
    "updated": 0
  },
  {
    "id": "a2a2e942-a241-4778-929c-55030e89bca6",
    "data": [
      {
        "text": "nasal decongestant",
        "alias": "NasalDecongestant",
        "meta": "@NasalDecongestant",
        "userDefined": true
      }
    ],
    "isTemplate": false,
    "count": 0,
    "updated": 0
  }
]