[
  {
    "id": "b3180d2a-67fd-42c2-81a0-1bdfc2c5c02a",
    "data": [
      {
        "text": "what is capsule Pan D",
        "userDefined": false
      }
    ],
    "isTemplate": false,
    "count": 0,
    "updated": 0
  },
  {
    "id": "da0a04b9-0848-4a7a-b0ac-933ada0d9724",
    "data": [
      {
        "text": "what is Cap Pan D",
        "userDefined": false
      }
    ],
    "isTemplate": false,
    "count": 0,
    "updated": 0
  },
  {
    "id": "46330eb8-151f-4447-861d-4dda982b109c",
    "data": [
      {
        "text": "tell me about Pan D",
        "userDefined": false
      }
    ],
    "isTemplate": false,
    "count": 0,
    "updated": 0
  },
  {
    "id": "ec9a6bb6-581c-4c72-b497-3346d4e51077",
    "data": [
      {
        "text": "Pan D",
        "userDefined": false
      }
    ],
    "isTemplate": false,
    "count": 0,
    "updated": 0
  },
  {
    "id": "988e1b0d-4b19-41e7-a5d2-680648598e9d",
    "data": [
      {
        "text": "Capsule Pan D",
        "userDefined": false
      }
    ],
    "isTemplate": false,
    "count": 0,
    "updated": 0
  },
  {
    "id": "e0cf26db-4f9a-409c-9664-614ea84410b2",
    "data": [
      {
        "text": "Cap Pan D",
        "userDefined": false
      }
    ],
    "isTemplate": false,
    "count": 0,
    "updated": 0
  }
]