[
  {
    "id": "43e89008-eeff-4008-bea8-23ca5cf87c50",
    "data": [
      {
        "text": "Can you suggest me medicines",
        "userDefined": false
      }
    ],
    "isTemplate": false,
    "count": 0,
    "updated": 0
  },
  {
    "id": "9450dedc-ab7a-4bd9-880a-31b9dfe6b3e0",
    "data": [
      {
        "text": "Suggest some medicines",
        "userDefined": false
      }
    ],
    "isTemplate": false,
    "count": 0,
    "updated": 0
  },
  {
    "id": "b9d56aec-7088-4d4c-a9fd-ac7500e801b1",
    "data": [
      {
        "text": "Suggest me medicines",
        "userDefined": false
      }
    ],
    "isTemplate": false,
    "count": 0,
    "updated": 0
  }
]