[
  {
    "id": "8fd67521-aab0-4f7e-bbc2-fc262b1a8269",
    "data": [
      {
        "text": "superficial blood vessels",
        "alias": "SuperficialBloodVessels",
        "meta": "@SuperficialBloodVessels",
        "userDefined": false
      }
    ],
    "isTemplate": false,
    "count": 0,
    "updated": 0
  },
  {
    "id": "0c0c80e3-9e21-49c7-a339-63e2032cae24",
    "data": [
      {
        "text": "what are ",
        "userDefined": false
      },
      {
        "text": "superficial blood vessels",
        "alias": "SuperficialBloodVessels",
        "meta": "@SuperficialBloodVessels",
        "userDefined": true
      }
    ],
    "isTemplate": false,
    "count": 0,
    "updated": 0
  },
  {
    "id": "0f29f88e-40a9-4d0c-8f06-73191e61d1b7",
    "data": [
      {
        "text": "what is ",
        "userDefined": false
      },
      {
        "text": "superficial blood vessel",
        "alias": "SuperficialBloodVessels",
        "meta": "@SuperficialBloodVessels",
        "userDefined": true
      }
    ],
    "isTemplate": false,
    "count": 0,
    "updated": 0
  }
]