[
  {
    "id": "7e5a92ef-b72d-4844-aeb9-d81467c7294b",
    "data": [
      {
        "text": "Tab Ins Pac",
        "userDefined": false
      }
    ],
    "isTemplate": false,
    "count": 0,
    "updated": 0
  },
  {
    "id": "8e773d3a-681a-4ff8-9bd8-265266590395",
    "data": [
      {
        "text": "Tell me about your project",
        "userDefined": false
      }
    ],
    "isTemplate": false,
    "count": 0,
    "updated": 0
  },
  {
    "id": "6a666b8c-81a2-4b3f-82c3-5517cd30940b",
    "data": [
      {
        "text": "Tab Ins Pack",
        "userDefined": false
      }
    ],
    "isTemplate": false,
    "count": 0,
    "updated": 0
  },
  {
    "id": "23020f46-44ff-4802-af9d-548c914ac68b",
    "data": [
      {
        "text": "What is Tabinspack?",
        "userDefined": false
      }
    ],
    "isTemplate": false,
    "count": 0,
    "updated": 0
  }
]