[
  {
    "id": "64b69946-961c-4dec-ba1e-4537db9a5590",
    "data": [
      {
        "text": "I am feeling ",
        "userDefined": false
      },
      {
        "text": "Weakness",
        "alias": "Weakness",
        "meta": "@Weakness",
        "userDefined": true
      }
    ],
    "isTemplate": false,
    "count": 0,
    "updated": 0
  },
  {
    "id": "e30084c1-c2f3-4127-a7d4-a2c185121b0b",
    "data": [
      {
        "text": "I am having ",
        "userDefined": false
      },
      {
        "text": "weakness",
        "alias": "Weakness",
        "meta": "@Weakness",
        "userDefined": true
      }
    ],
    "isTemplate": false,
    "count": 0,
    "updated": 0
  }
]