[
  {
    "id": "b2d7f598-0444-41f1-84ed-3c886444073c",
    "data": [
      {
        "text": "what kind of help can ",
        "userDefined": false
      },
      {
        "text": "you",
        "alias": "You",
        "meta": "@You",
        "userDefined": true
      },
      {
        "text": " provide me",
        "userDefined": false
      }
    ],
    "isTemplate": false,
    "count": 0,
    "updated": 0
  },
  {
    "id": "14447021-1d19-4395-982b-7566b2302eca",
    "data": [
      {
        "text": "how will ",
        "userDefined": false
      },
      {
        "text": "you",
        "alias": "You",
        "meta": "@You",
        "userDefined": false
      },
      {
        "text": " help me",
        "userDefined": false
      }
    ],
    "isTemplate": false,
    "count": 0,
    "updated": 0
  },
  {
    "id": "19fc23ec-8412-4700-ac26-b564b668bdc6",
    "data": [
      {
        "text": "How can ",
        "userDefined": false
      },
      {
        "text": "you",
        "alias": "You",
        "meta": "@You",
        "userDefined": true
      },
      {
        "text": " help me",
        "userDefined": false
      }
    ],
    "isTemplate": false,
    "count": 0,
    "updated": 0
  },
  {
    "id": "e2b7e4aa-b3c5-4ed0-a481-72158daa896f",
    "data": [
      {
        "text": "what kind of help ",
        "userDefined": false
      },
      {
        "text": "are",
        "alias": "ARE",
        "meta": "@ARE",
        "userDefined": false
      },
      {
        "text": " ",
        "userDefined": false
      },
      {
        "text": "you",
        "alias": "You",
        "meta": "@You",
        "userDefined": false
      },
      {
        "text": " providing",
        "userDefined": false
      }
    ],
    "isTemplate": false,
    "count": 0,
    "updated": 0
  }
]