[
  {
    "id": "7f6ba34f-8571-40e1-b9d2-9e4e2c5d0477",
    "data": [
      {
        "text": "Who is ",
        "userDefined": false
      },
      {
        "text": "your",
        "alias": "Your",
        "meta": "@Your",
        "userDefined": false
      },
      {
        "text": " creator?",
        "userDefined": false
      }
    ],
    "isTemplate": false,
    "count": 0,
    "updated": 0
  },
  {
    "id": "ca7f8bc8-58ed-437d-ba7c-f1dd53279589",
    "data": [
      {
        "text": "who developed ",
        "userDefined": false
      },
      {
        "text": "you",
        "alias": "You",
        "meta": "@You",
        "userDefined": false
      },
      {
        "text": "?",
        "userDefined": false
      }
    ],
    "isTemplate": false,
    "count": 0,
    "updated": 0
  },
  {
    "id": "f942a15c-5dc5-4e79-b0fd-cb409efe47cc",
    "data": [
      {
        "text": "Who made ",
        "userDefined": false
      },
      {
        "text": "you",
        "alias": "You",
        "meta": "@You",
        "userDefined": false
      },
      {
        "text": "?",
        "userDefined": false
      }
    ],
    "isTemplate": false,
    "count": 0,
    "updated": 0
  }
]